dataset,phase1_accuracy,phase1_earliness,phase2_accuracy,phase2_earliness
FaceAll,0.8964497041420119,0.9111879999999999,0.9218934911242604,0.2830132
ECGFiveDays,1.0,0.9909665000000001,0.9965156794425089,0.15552114
CricketZ,0.7179487179487181,0.6487694,0.7076923076923077,0.51355803
FiftyWords,0.7230769230769231,0.3958985,0.7384615384615385,0.3997222
MedicalImages,0.6539473684210526,0.3046992,0.7315789473684211,0.41689038
DiatomSizeReduction,0.7843137254901961,0.93170506,0.9738562091503268,0.20408687
