dataset,phase1_accuracy,phase1_earliness,phase2_accuracy,phase2_earliness
FaceAll,0.8994082840236687,0.9023941999999999,0.9183431952662722,0.05133364
ECGFiveDays,1.0,0.99693716,0.9686411149825784,0.017593667
CricketZ,0.5769230769230769,0.09275362,0.7102564102564103,0.20750365
FiftyWords,0.7340659340659341,0.38879040000000004,0.7054945054945055,0.20084153
DiatomSizeReduction,0.7418300653594772,0.9268126,0.9019607843137256,1.8999848e-05
