dataset,phase1_accuracy,phase1_earliness,phase2_accuracy,phase2_earliness
FaceAll,0.9071005917159763,0.84942204,0.9159763313609468,0.055298142
ECGFiveDays,1.0,0.99467456,0.9802555168408827,0.022712605
CricketZ,0.6717948717948717,0.18178542,0.7307692307692307,0.27033702
FiftyWords,0.7362637362637363,0.36105233,0.7296703296703296,0.2301401
MedicalImages,0.7289473684210527,0.43398228,0.725,0.19637485
DiatomSizeReduction,0.8006535947712419,0.8799589,0.9705882352941176,9.499924e-06
