dataset,phase1_accuracy,phase1_earliness,phase2_accuracy,phase2_earliness
FaceAll,0.9023668639053254,0.94633585,0.9147928994082841,0.06818389
ECGFiveDays,1.0,0.99720395,0.9732868757259,0.0197875
CricketZ,0.6743589743589744,0.41688538,0.7153846153846154,0.30395335
FiftyWords,0.7186813186813187,0.43897218,0.7186813186813187,0.27833652
MedicalImages,0.7,0.26940116,0.7078947368421052,0.22843714
