dataset,phase1_accuracy,phase1_earliness,phase2_accuracy,phase2_earliness
FaceAll,0.8923076923076924,0.94766957,0.9177514792899408,0.100924
ECGFiveDays,1.0,0.9907859,0.9744483159117304,0.029302705
CricketZ,0.7256410256410256,0.7909956,0.6897435897435897,0.25225967
FiftyWords,0.7494505494505495,0.5282977,0.7428571428571429,0.35306183
MedicalImages,0.7342105263157894,0.36795112,0.7197368421052631,0.32940388
DiatomSizeReduction,0.7679738562091504,0.9464965,0.9183006535947712,0.044355147000000004
